Location,Date,Value
Alabama,1960,9.727188
Alabama,1961,9.886265
Alabama,1962,10.2335
Alabama,1963,10.70138
Alabama,1964,11.19781
Alabama,1965,11.84796
Alabama,1966,12.60251
Alabama,1967,13.26933
Alabama,1968,14.39751
Alabama,1969,15.95764
Alabama,1970,17.31264
Alabama,1971,18.50302
Alabama,1972,19.65582
Alabama,1973,21.40854
Alabama,1974,23.95533
Alabama,1975,26.30865
Alabama,1976,28.22492
Alabama,1977,30.35719
Alabama,1978,32.94687
Alabama,1979,36.60559
Alabama,1980,41.04153
Alabama,1981,45.01128
Alabama,1982,47.57516
Alabama,1983,49.26975
Alabama,1984,51.12233
Alabama,1985,52.8923
Alabama,1986,54.0369
Alabama,1987,56.01946
Alabama,1988,58.24873
Alabama,1989,60.98448
Alabama,1990,63.8947
Alabama,1991,66.00455
Alabama,1992,67.98622
Alabama,1993,69.80473
Alabama,1994,71.70049
Alabama,1995,73.78285
Alabama,1996,76.0479
Alabama,1997,78.01664
Alabama,1998,79.37167
Alabama,1999,81.15123
Alabama,2000,84.28893
Alabama,2001,86.55305
Alabama,2002,88.17179
Alabama,2003,90.18374
Alabama,2016,91.2
Alabama,2017,90.3
Alabama,2019,89.2
Alabama,2020,89.2
Alabama,2021,87.9
Alabama,2022,88.1
Alabama,2023,88.3
Alaska,2016,131.6
Alaska,2017,131.3
Alaska,2019,128.3
Alaska,2020,127.3
Alaska,2021,127.1
Alaska,2022,126.6
Alaska,2023,125.2
Arizona,1960,12.5092
Arizona,1961,12.62301
Arizona,1962,13.0518
Arizona,1963,13.22658
Arizona,1964,13.6414
Arizona,1965,14.13444
Arizona,1966,14.92982
Arizona,1967,15.68082
Arizona,1968,16.8114
Arizona,1969,18.30604
Arizona,1970,19.63099
Arizona,1971,20.78356
Arizona,1972,21.7965
Arizona,1973,23.40437
Arizona,1974,25.79478
Arizona,1975,27.91655
Arizona,1976,29.52202
Arizona,1977,32.42824
Arizona,1978,35.59452
Arizona,1979,39.68665
Arizona,1980,44.52519
Arizona,1981,48.55455
Arizona,1982,50.82706
Arizona,1983,52.38518
Arizona,1984,54.12309
Arizona,1985,55.76398
Arizona,1986,56.73304
Arizona,1987,58.47784
Arizona,1988,60.78718
Arizona,1989,63.55413
Arizona,1990,67.00041
Arizona,1991,69.29797
Arizona,1992,71.11115
Arizona,1993,72.9142
Arizona,1994,74.75923
Arizona,1995,76.73343
Arizona,1996,78.57844
Arizona,1997,80.10783
Arizona,1998,82.21519
Arizona,1999,84.7194
Arizona,2000,88.20074
Arizona,2001,91.10429
Arizona,2002,93.56774
Arizona,2003,96.44807
Arizona,2016,98.1
Arizona,2017,95.6
Arizona,2019,99.6
Arizona,2020,101.3
Arizona,2021,103.2
Arizona,2022,105.8
Arizona,2023,108.4
Arkansas,1960,9.729078
Arkansas,1961,10.25731
Arkansas,1962,10.58921
Arkansas,1963,11.09684
Arkansas,1964,11.61635
Arkansas,1965,12.16355
Arkansas,1966,12.99362
Arkansas,1967,13.60872
Arkansas,1968,14.8375
Arkansas,1969,16.20367
Arkansas,1970,17.54979
Arkansas,1971,18.75279
Arkansas,1972,19.9014
Arkansas,1973,21.87013
Arkansas,1974,24.3915
Arkansas,1975,26.56989
Arkansas,1976,28.43949
Arkansas,1977,30.58341
Arkansas,1978,33.29095
Arkansas,1979,36.83135
Arkansas,1980,41.12016
Arkansas,1981,45.15311
Arkansas,1982,47.62546
Arkansas,1983,49.23444
Arkansas,1984,51.11975
Arkansas,1985,52.85147
Arkansas,1986,53.88134
Arkansas,1987,55.69196
Arkansas,1988,57.87473
Arkansas,1989,60.47808
Arkansas,1990,63.29412
Arkansas,1991,65.42078
Arkansas,1992,67.43538
Arkansas,1993,69.20523
Arkansas,1994,71.02
Arkansas,1995,73.01923
Arkansas,1996,75.26538
Arkansas,1997,77.10783
Arkansas,1998,78.37458
Arkansas,1999,80.09604
Arkansas,2000,83.04192
Arkansas,2001,85.29109
Arkansas,2002,86.78195
Arkansas,2003,88.70616
Arkansas,2016,88.5
Arkansas,2017,87.8
Arkansas,2019,87.1
Arkansas,2020,88.1
Arkansas,2021,90.9
Arkansas,2022,90.6
Arkansas,2023,89.0
California,1960,11.71592
California,1961,11.96667
California,1962,12.38507
California,1963,12.60265
California,1964,13.14032
California,1965,13.64776
California,1966,14.42303
California,1967,15.21836
California,1968,16.22667
California,1969,17.69009
California,1970,18.84156
California,1971,19.97392
California,1972,21.13766
California,1973,22.88993
California,1974,25.56358
California,1975,28.07721
California,1976,29.70607
California,1977,33.31348
California,1978,36.88478
California,1979,41.40475
California,1980,46.62713
California,1981,51.98222
California,1982,54.95286
California,1983,57.06974
California,1984,58.7341
California,1985,60.28482
California,1986,61.86419
California,1987,64.30775
California,1988,68.54836
California,1989,73.17209
California,1990,80.30186
California,1991,82.25719
California,1992,83.87888
California,1993,85.36014
California,1994,86.84074
California,1995,88.60326
California,1996,90.44816
California,1997,91.93829
California,1998,93.19773
California,1999,94.88327
California,2000,97.53841
California,2001,101.3087
California,2002,104.8993
California,2003,108.9785
California,2016,134.8
California,2017,141.0
California,2019,137.7
California,2020,142.4
California,2021,142.2
California,2022,137.6
California,2023,138.5
Colorado,1960,12.97687
Colorado,1961,13.18297
Colorado,1962,13.5711
Colorado,1963,13.69782
Colorado,1964,14.11505
Colorado,1965,14.70169
Colorado,1966,15.54008
Colorado,1967,16.22523
Colorado,1968,17.13492
Colorado,1969,18.46808
Colorado,1970,19.79061
Colorado,1971,21.05329
Colorado,1972,22.12826
Colorado,1973,23.85503
Colorado,1974,26.44705
Colorado,1975,28.83574
Colorado,1976,30.41707
Colorado,1977,33.59472
Colorado,1978,36.88859
Colorado,1979,41.10965
Colorado,1980,46.16855
Colorado,1981,50.16126
Colorado,1982,52.59882
Colorado,1983,54.02843
Colorado,1984,55.70757
Colorado,1985,57.25904
Colorado,1986,58.08511
Colorado,1987,59.78113
Colorado,1988,62.04128
Colorado,1989,64.8596
Colorado,1990,68.16476
Colorado,1991,70.89867
Colorado,1992,73.07458
Colorado,1993,75.23672
Colorado,1994,77.38001
Colorado,1995,79.77552
Colorado,1996,81.73703
Colorado,1997,83.32491
Colorado,1998,86.55496
Colorado,1999,90.24516
Colorado,2000,94.98045
Colorado,2001,98.34116
Colorado,2002,101.2905
Colorado,2003,104.7614
Colorado,2016,102.1
Colorado,2017,102.3
Colorado,2019,104.8
Colorado,2020,104.2
Colorado,2021,105.3
Colorado,2022,104.6
Colorado,2023,105.1
Connecticut,1960,16.4005
Connecticut,1961,16.67257
Connecticut,1962,16.96555
Connecticut,1963,17.12922
Connecticut,1964,17.50367
Connecticut,1965,18.15121
Connecticut,1966,19.11255
Connecticut,1967,20.09164
Connecticut,1968,21.2788
Connecticut,1969,23.057
Connecticut,1970,24.45535
Connecticut,1971,25.78132
Connecticut,1972,27.272
Connecticut,1973,29.48894
Connecticut,1974,32.53216
Connecticut,1975,35.23487
Connecticut,1976,37.33448
Connecticut,1977,39.98475
Connecticut,1978,43.15174
Connecticut,1979,47.72801
Connecticut,1980,53.38195
Connecticut,1981,58.61098
Connecticut,1982,61.95359
Connecticut,1983,64.09276
Connecticut,1984,67.31618
Connecticut,1985,70.41333
Connecticut,1986,73.72204
Connecticut,1987,78.11751
Connecticut,1988,82.56843
Connecticut,1989,87.4622
Connecticut,1990,90.7718
Connecticut,1991,93.73421
Connecticut,1992,95.8578
Connecticut,1993,97.72663
Connecticut,1994,99.34281
Connecticut,1995,101.3073
Connecticut,1996,103.7343
Connecticut,1997,105.8239
Connecticut,1998,106.5502
Connecticut,1999,107.7625
Connecticut,2000,109.6964
Connecticut,2001,112.7058
Connecticut,2002,116.1632
Connecticut,2003,120.1853
Connecticut,2016,130.7
Connecticut,2017,125.7
Connecticut,2019,126.5
Connecticut,2020,123.0
Connecticut,2021,121.6
Connecticut,2022,116.8
Connecticut,2023,112.8
Delaware,1960,16.38194
Delaware,1961,16.41385
Delaware,1962,16.71974
Delaware,1963,16.45209
Delaware,1964,16.88315
Delaware,1965,17.51669
Delaware,1966,18.15665
Delaware,1967,18.72865
Delaware,1968,19.63106
Delaware,1969,21.23108
Delaware,1970,22.40087
Delaware,1971,23.52072
Delaware,1972,24.62854
Delaware,1973,26.37023
Delaware,1974,28.89659
Delaware,1975,31.12344
Delaware,1976,32.97638
Delaware,1977,35.12069
Delaware,1978,37.68188
Delaware,1979,41.4229
Delaware,1980,46.13505
Delaware,1981,50.65116
Delaware,1982,53.77861
Delaware,1983,55.94538
Delaware,1984,57.86776
Delaware,1985,59.79983
Delaware,1986,61.41478
Delaware,1987,63.93943
Delaware,1988,66.59602
Delaware,1989,69.76958
Delaware,1990,73.00211
Delaware,1991,75.03926
Delaware,1992,76.84564
Delaware,1993,78.5827
Delaware,1994,80.3345
Delaware,1995,82.34947
Delaware,1996,84.69015
Delaware,1997,86.55653
Delaware,1998,87.96274
Delaware,1999,89.6734
Delaware,2000,92.86591
Delaware,2001,95.1684
Delaware,2002,97.04244
Delaware,2003,99.31626
Delaware,2016,102.6
Delaware,2017,102.9
Delaware,2019,107.9
Delaware,2020,107.7
Delaware,2021,107.9
Delaware,2022,105.6
Delaware,2023,101.1
Florida,1960,11.21549
Florida,1961,11.20348
Florida,1962,11.46191
Florida,1963,11.68234
Florida,1964,12.20022
Florida,1965,12.77592
Florida,1966,13.50708
Florida,1967,14.35349
Florida,1968,15.53432
Florida,1969,17.07833
Florida,1970,18.48793
Florida,1971,19.64701
Florida,1972,20.80354
Florida,1973,22.54325
Florida,1974,25.00096
Florida,1975,27.18935
Florida,1976,28.9932
Florida,1977,31.26593
Florida,1978,34.00079
Florida,1979,37.81566
Florida,1980,42.53254
Florida,1981,46.72921
Florida,1982,49.40518
Florida,1983,51.30411
Florida,1984,53.09555
Florida,1985,54.85762
Florida,1986,56.14312
Florida,1987,58.26602
Florida,1988,60.61675
Florida,1989,63.4605
Florida,1990,66.39878
Florida,1991,68.32281
Florida,1992,70.14466
Florida,1993,71.96101
Florida,1994,73.71572
Florida,1995,75.76385
Florida,1996,78.01534
Florida,1997,79.88615
Florida,1998,81.24083
Florida,1999,82.99387
Florida,2000,86.10994
Florida,2001,88.33464
Florida,2002,90.01809
Florida,2003,92.11458
Florida,2016,99.0
Florida,2017,99.3
Florida,2019,98.2
Florida,2020,99.8
Florida,2021,100.3
Florida,2022,102.8
Florida,2023,100.7
District of Columbia,2016,149.2
District of Columbia,2017,155.7
District of Columbia,2019,159.0
District of Columbia,2020,159.0
District of Columbia,2021,158.1
District of Columbia,2022,152.2
District of Columbia,2023,146.8
Georgia,1960,10.13209
Georgia,1961,10.31424
Georgia,1962,10.76931
Georgia,1963,11.25961
Georgia,1964,11.77124
Georgia,1965,12.44157
Georgia,1966,13.2935
Georgia,1967,14.092
Georgia,1968,15.20639
Georgia,1969,16.6592
Georgia,1970,17.97554
Georgia,1971,19.14978
Georgia,1972,20.30857
Georgia,1973,22.03231
Georgia,1974,24.49565
Georgia,1975,26.66929
Georgia,1976,28.5352
Georgia,1977,30.66933
Georgia,1978,33.29429
Georgia,1979,36.93731
Georgia,1980,41.37833
Georgia,1981,45.62514
Georgia,1982,48.44393
Georgia,1983,50.40038
Georgia,1984,52.37673
Georgia,1985,54.2038
Georgia,1986,55.6061
Georgia,1987,57.78404
Georgia,1988,60.17796
Georgia,1989,62.95286
Georgia,1990,66.02573
Georgia,1991,68.03161
Georgia,1992,70.0646
Georgia,1993,71.98477
Georgia,1994,73.96236
Georgia,1995,76.1199
Georgia,1996,78.62307
Georgia,1997,80.66872
Georgia,1998,82.13541
Georgia,1999,84.03003
Georgia,2000,87.4304
Georgia,2001,89.64706
Georgia,2002,91.32971
Georgia,2003,93.46124
Georgia,2016,91.4
Georgia,2017,90.8
Georgia,2019,89.2
Georgia,2020,89.7
Georgia,2021,88.8
Georgia,2022,88.6
Georgia,2023,90.8
Hawaii,2016,167.4
Hawaii,2017,188.3
Hawaii,2019,191.8
Hawaii,2020,198.6
Hawaii,2021,193.3
Hawaii,2022,184.0
Hawaii,2023,180.3
Idaho,1960,12.50529
Idaho,1961,12.70291
Idaho,1962,13.19188
Idaho,1963,13.55865
Idaho,1964,14.04341
Idaho,1965,14.94522
Idaho,1966,15.47717
Idaho,1967,16.12727
Idaho,1968,16.88011
Idaho,1969,18.71597
Idaho,1970,19.97746
Idaho,1971,21.02129
Idaho,1972,22.14333
Idaho,1973,23.94054
Idaho,1974,26.6076
Idaho,1975,28.66401
Idaho,1976,30.26652
Idaho,1977,32.82772
Idaho,1978,35.76488
Idaho,1979,39.48264
Idaho,1980,44.18433
Idaho,1981,47.89754
Idaho,1982,50.09662
Idaho,1983,51.63176
Idaho,1984,53.24513
Idaho,1985,54.84441
Idaho,1986,55.6721
Idaho,1987,57.45135
Idaho,1988,59.72433
Idaho,1989,62.49006
Idaho,1990,65.64146
Idaho,1991,68.01522
Idaho,1992,70.06286
Idaho,1993,72.06734
Idaho,1994,73.88462
Idaho,1995,75.93041
Idaho,1996,77.78415
Idaho,1997,79.17551
Idaho,1998,81.41993
Idaho,1999,84.14413
Idaho,2000,87.75004
Idaho,2001,90.62995
Idaho,2002,92.96356
Idaho,2003,95.65531
Idaho,2016,89.6
Idaho,2017,92.2
Idaho,2019,93.3
Idaho,2020,93.9
Idaho,2021,102.1
Idaho,2022,99.6
Idaho,2023,98.6
Illinois,1960,13.54302
Illinois,1961,13.72894
Illinois,1962,14.04465
Illinois,1963,14.13786
Illinois,1964,14.64439
Illinois,1965,15.45199
Illinois,1966,16.30507
Illinois,1967,17.14693
Illinois,1968,18.23146
Illinois,1969,19.55293
Illinois,1970,20.85128
Illinois,1971,22.16437
Illinois,1972,23.39401
Illinois,1973,25.29481
Illinois,1974,28.14312
Illinois,1975,30.74747
Illinois,1976,32.8166
Illinois,1977,35.3776
Illinois,1978,38.36883
Illinois,1979,42.68168
Illinois,1980,47.56054
Illinois,1981,52.20356
Illinois,1982,54.99532
Illinois,1983,56.64943
Illinois,1984,58.59661
Illinois,1985,60.37984
Illinois,1986,61.70451
Illinois,1987,63.99951
Illinois,1988,66.77848
Illinois,1989,69.97373
Illinois,1990,73.295
Illinois,1991,75.97031
Illinois,1992,78.31945
Illinois,1993,80.43581
Illinois,1994,82.70012
Illinois,1995,85.21044
Illinois,1996,88.05492
Illinois,1997,90.48764
Illinois,1998,92.16036
Illinois,1999,94.28277
Illinois,2000,97.83961
Illinois,2001,100.6519
Illinois,2002,102.6104
Illinois,2003,105.06
Illinois,2016,95.5
Illinois,2017,97.2
Illinois,2019,94.9
Illinois,2020,95.0
Illinois,2021,94.3
Illinois,2022,92.6
Illinois,2023,92.1
Indiana,1960,12.90867
Indiana,1961,13.04578
Indiana,1962,13.46346
Indiana,1963,13.74753
Indiana,1964,14.23958
Indiana,1965,15.09658
Indiana,1966,15.93302
Indiana,1967,16.59112
Indiana,1968,17.6467
Indiana,1969,18.90189
Indiana,1970,20.01955
Indiana,1971,21.3155
Indiana,1972,22.49042
Indiana,1973,24.45332
Indiana,1974,27.06497
Indiana,1975,29.54458
Indiana,1976,31.65473
Indiana,1977,34.08246
Indiana,1978,36.94243
Indiana,1979,41.04344
Indiana,1980,45.76578
Indiana,1981,50.13689
Indiana,1982,52.72812
Indiana,1983,54.33866
Indiana,1984,56.32287
Indiana,1985,58.12678
Indiana,1986,59.3009
Indiana,1987,61.43122
Indiana,1988,63.92344
Indiana,1989,66.988
Indiana,1990,70.11751
Indiana,1991,72.72722
Indiana,1992,75.01163
Indiana,1993,77.1541
Indiana,1994,79.34834
Indiana,1995,81.66394
Indiana,1996,84.322
Indiana,1997,86.57599
Indiana,1998,88.20619
Indiana,1999,90.23135
Indiana,2000,93.59287
Indiana,2001,96.17613
Indiana,2002,97.91148
Indiana,2003,100.1402
Indiana,2016,87.9
Indiana,2017,91.1
Indiana,2019,90.9
Indiana,2020,89.8
Indiana,2021,90.6
Indiana,2022,89.9
Indiana,2023,91.0
Iowa,1960,13.05698
Iowa,1961,13.33162
Iowa,1962,13.6593
Iowa,1963,13.99498
Iowa,1964,14.4425
Iowa,1965,15.49642
Iowa,1966,16.46593
Iowa,1967,17.11695
Iowa,1968,18.11075
Iowa,1969,19.5708
Iowa,1970,20.85582
Iowa,1971,21.97747
Iowa,1972,23.34126
Iowa,1973,25.59664
Iowa,1974,28.07764
Iowa,1975,30.75548
Iowa,1976,32.61257
Iowa,1977,35.0972
Iowa,1978,38.23241
Iowa,1979,42.2846
Iowa,1980,47.00741
Iowa,1981,51.32038
Iowa,1982,53.83008
Iowa,1983,55.24823
Iowa,1984,57.2669
Iowa,1985,59.04321
Iowa,1986,60.05895
Iowa,1987,62.05819
Iowa,1988,64.17602
Iowa,1989,67.0527
Iowa,1990,70.04811
Iowa,1991,72.63793
Iowa,1992,74.85114
Iowa,1993,76.72462
Iowa,1994,79.05107
Iowa,1995,81.32232
Iowa,1996,84.08008
Iowa,1997,86.30927
Iowa,1998,87.78407
Iowa,1999,89.70473
Iowa,2000,92.98448
Iowa,2001,95.56549
Iowa,2002,97.28417
Iowa,2003,99.47097
Iowa,2016,91.7
Iowa,2017,91.3
Iowa,2019,91.9
Iowa,2020,91.3
Iowa,2021,89.9
Iowa,2022,89.2
Iowa,2023,90.3
Kansas,1960,13.36049
Kansas,1961,13.54882
Kansas,1962,13.84347
Kansas,1963,14.34726
Kansas,1964,14.7707
Kansas,1965,15.47041
Kansas,1966,16.29854
Kansas,1967,17.11379
Kansas,1968,18.26778
Kansas,1969,19.48011
Kansas,1970,20.85117
Kansas,1971,22.22025
Kansas,1972,23.55062
Kansas,1973,25.50872
Kansas,1974,28.22537
Kansas,1975,30.76978
Kansas,1976,32.73643
Kansas,1977,35.11178
Kansas,1978,37.9735
Kansas,1979,42.31179
Kansas,1980,47.13483
Kansas,1981,51.59473
Kansas,1982,54.36031
Kansas,1983,55.87947
Kansas,1984,57.79211
Kansas,1985,59.5802
Kansas,1986,60.66232
Kansas,1987,62.68071
Kansas,1988,65.04346
Kansas,1989,67.90427
Kansas,1990,71.08663
Kansas,1991,73.66428
Kansas,1992,75.82563
Kansas,1993,77.83617
Kansas,1994,79.8588
Kansas,1995,82.05156
Kansas,1996,84.64788
Kansas,1997,86.81313
Kansas,1998,88.30582
Kansas,1999,90.2336
Kansas,2000,93.4244
Kansas,2001,96.00179
Kansas,2002,97.65908
Kansas,2003,99.85979
Kansas,2016,90.4
Kansas,2017,90.2
Kansas,2019,88.5
Kansas,2020,86.8
Kansas,2021,86.5
Kansas,2022,87.5
Kansas,2023,87.1
Kentucky,1960,10.10452
Kentucky,1961,10.51692
Kentucky,1962,10.86971
Kentucky,1963,11.36817
Kentucky,1964,11.64955
Kentucky,1965,12.34793
Kentucky,1966,13.20627
Kentucky,1967,14.00768
Kentucky,1968,15.13679
Kentucky,1969,16.51557
Kentucky,1970,17.8063
Kentucky,1971,18.9024
Kentucky,1972,20.03289
Kentucky,1973,21.77016
Kentucky,1974,24.37712
Kentucky,1975,26.60943
Kentucky,1976,28.47281
Kentucky,1977,30.71678
Kentucky,1978,33.29195
Kentucky,1979,37.05192
Kentucky,1980,41.38075
Kentucky,1981,45.31577
Kentucky,1982,47.86356
Kentucky,1983,49.32084
Kentucky,1984,51.25969
Kentucky,1985,52.89333
Kentucky,1986,53.92812
Kentucky,1987,55.91291
Kentucky,1988,58.06536
Kentucky,1989,60.72899
Kentucky,1990,63.5948
Kentucky,1991,65.72588
Kentucky,1992,67.77964
Kentucky,1993,69.60956
Kentucky,1994,71.51481
Kentucky,1995,73.59393
Kentucky,1996,76.0233
Kentucky,1997,78.1012
Kentucky,1998,79.52221
Kentucky,1999,81.34614
Kentucky,2000,84.72667
Kentucky,2001,86.87343
Kentucky,2002,88.46481
Kentucky,2003,90.47941
Kentucky,2016,90.8
Kentucky,2017,93.7
Kentucky,2019,93.1
Kentucky,2020,93.6
Kentucky,2021,93.1
Kentucky,2022,94.9
Kentucky,2023,92.0
Louisiana,1960,10.48923
Louisiana,1961,10.65577
Louisiana,1962,10.86004
Louisiana,1963,11.4033
Louisiana,1964,11.82515
Louisiana,1965,12.45698
Louisiana,1966,13.30179
Louisiana,1967,14.1165
Louisiana,1968,15.19799
Louisiana,1969,16.45855
Louisiana,1970,17.75941
Louisiana,1971,18.94262
Louisiana,1972,20.0421
Louisiana,1973,21.82727
Louisiana,1974,24.60634
Louisiana,1975,27.03141
Louisiana,1976,29.0277
Louisiana,1977,31.30588
Louisiana,1978,34.06349
Louisiana,1979,37.90776
Louisiana,1980,42.60042
Louisiana,1981,46.41476
Louisiana,1982,48.69082
Louisiana,1983,49.93181
Louisiana,1984,51.55903
Louisiana,1985,53.10233
Louisiana,1986,53.6545
Louisiana,1987,55.19013
Louisiana,1988,57.20882
Louisiana,1989,59.66478
Louisiana,1990,62.48329
Louisiana,1991,64.61635
Louisiana,1992,66.68195
Louisiana,1993,68.66612
Louisiana,1994,70.72527
Louisiana,1995,72.87144
Louisiana,1996,75.32107
Louisiana,1997,77.46754
Louisiana,1998,78.92862
Louisiana,1999,80.6991
Louisiana,2000,84.11293
Louisiana,2001,86.469
Louisiana,2002,88.10603
Louisiana,2003,90.12241
Louisiana,2016,94.4
Louisiana,2017,94.4
Louisiana,2019,93.1
Louisiana,2020,93.2
Louisiana,2021,93.0
Louisiana,2022,93.6
Louisiana,2023,91.0
Maine,1960,14.30684
Maine,1961,14.37241
Maine,1962,14.7558
Maine,1963,14.88015
Maine,1964,15.51591
Maine,1965,16.25717
Maine,1966,17.14595
Maine,1967,17.97206
Maine,1968,19.09111
Maine,1969,20.61716
Maine,1970,22.13739
Maine,1971,23.36576
Maine,1972,24.65
Maine,1973,26.75537
Maine,1974,29.69667
Maine,1975,32.22053
Maine,1976,34.43986
Maine,1977,36.75158
Maine,1978,39.63646
Maine,1979,43.89687
Maine,1980,49.27742
Maine,1981,53.94725
Maine,1982,57.02017
Maine,1983,58.89561
Maine,1984,61.44532
Maine,1985,63.95045
Maine,1986,66.03658
Maine,1987,69.13463
Maine,1988,72.39694
Maine,1989,76.1183
Maine,1990,79.27979
Maine,1991,80.93624
Maine,1992,82.87067
Maine,1993,84.69546
Maine,1994,86.63694
Maine,1995,88.81065
Maine,1996,90.75862
Maine,1997,92.25249
Maine,1998,94.16784
Maine,1999,96.58737
Maine,2000,100.5396
Maine,2001,103.3166
Maine,2002,105.9715
Maine,2003,109.0675
Maine,2016,112.0
Maine,2017,113.6
Maine,2019,116.6
Maine,2020,116.1
Maine,2021,115.0
Maine,2022,115.3
Maine,2023,109.9
Maryland,1960,12.85662
Maryland,1961,13.22726
Maryland,1962,13.62004
Maryland,1963,13.75006
Maryland,1964,14.21651
Maryland,1965,14.81213
Maryland,1966,15.49687
Maryland,1967,16.28621
Maryland,1968,17.47568
Maryland,1969,18.84263
Maryland,1970,20.25499
Maryland,1971,21.50748
Maryland,1972,22.69733
Maryland,1973,24.52051
Maryland,1974,27.26413
Maryland,1975,29.69363
Maryland,1976,31.68004
Maryland,1977,34.05651
Maryland,1978,36.85777
Maryland,1979,40.8295
Maryland,1980,45.65816
Maryland,1981,50.23897
Maryland,1982,53.44817
Maryland,1983,55.68295
Maryland,1984,57.64279
Maryland,1985,59.57951
Maryland,1986,61.29811
Maryland,1987,63.86448
Maryland,1988,66.54395
Maryland,1989,69.60998
Maryland,1990,72.9329
Maryland,1991,74.91678
Maryland,1992,76.77372
Maryland,1993,78.57026
Maryland,1994,80.3758
Maryland,1995,82.36065
Maryland,1996,84.61272
Maryland,1997,86.56411
Maryland,1998,87.92127
Maryland,1999,89.76191
Maryland,2000,92.98988
Maryland,2001,95.41545
Maryland,2002,97.44132
Maryland,2003,99.85896
Maryland,2016,125.0
Maryland,2017,128.7
Maryland,2019,127.6
Maryland,2020,127.2
Maryland,2021,124.0
Maryland,2022,124.0
Maryland,2023,116.5
Massachusetts,1960,14.56137
Massachusetts,1961,14.91279
Massachusetts,1962,15.23024
Massachusetts,1963,15.32899
Massachusetts,1964,15.83881
Massachusetts,1965,16.42971
Massachusetts,1966,17.328
Massachusetts,1967,18.29617
Massachusetts,1968,19.52496
Massachusetts,1969,21.03527
Massachusetts,1970,22.49011
Massachusetts,1971,23.79435
Massachusetts,1972,25.1319
Massachusetts,1973,27.13069
Massachusetts,1974,30.02686
Massachusetts,1975,32.66525
Massachusetts,1976,34.67485
Massachusetts,1977,37.11323
Massachusetts,1978,40.096
Massachusetts,1979,44.43869
Massachusetts,1980,49.8842
Massachusetts,1981,55.10047
Massachusetts,1982,58.558
Massachusetts,1983,60.81642
Massachusetts,1984,64.11124
Massachusetts,1985,67.27878
Massachusetts,1986,70.65612
Massachusetts,1987,75.06136
Massachusetts,1988,79.53216
Massachusetts,1989,84.29264
Massachusetts,1990,87.60623
Massachusetts,1991,88.66163
Massachusetts,1992,90.60548
Massachusetts,1993,92.43377
Massachusetts,1994,94.51005
Massachusetts,1995,96.81893
Massachusetts,1996,98.51828
Massachusetts,1997,99.79893
Massachusetts,1998,102.3137
Massachusetts,1999,105.3996
Massachusetts,2000,110.5939
Massachusetts,2001,113.729
Massachusetts,2002,117.4933
Massachusetts,2003,121.8045
Massachusetts,2016,134.7
Massachusetts,2017,132.9
Massachusetts,2019,130.1
Massachusetts,2020,129.9
Massachusetts,2021,135.0
Massachusetts,2022,149.7
Massachusetts,2023,146.5
Michigan,1960,12.82652
Michigan,1961,12.80382
Michigan,1962,13.18772
Michigan,1963,13.61575
Michigan,1964,14.25251
Michigan,1965,15.13649
Michigan,1966,15.96973
Michigan,1967,16.6447
Michigan,1968,17.85608
Michigan,1969,19.33674
Michigan,1970,20.38659
Michigan,1971,21.6348
Michigan,1972,22.88786
Michigan,1973,24.70115
Michigan,1974,27.29505
Michigan,1975,29.69652
Michigan,1976,31.84137
Michigan,1977,34.33537
Michigan,1978,37.15568
Michigan,1979,41.20005
Michigan,1980,45.88559
Michigan,1981,50.25448
Michigan,1982,52.91038
Michigan,1983,54.66183
Michigan,1984,56.62758
Michigan,1985,58.55901
Michigan,1986,59.83401
Michigan,1987,61.89557
Michigan,1988,64.49467
Michigan,1989,67.61569
Michigan,1990,70.77661
Michigan,1991,73.50372
Michigan,1992,75.83865
Michigan,1993,78.10502
Michigan,1994,80.57692
Michigan,1995,83.0719
Michigan,1996,85.88512
Michigan,1997,88.36307
Michigan,1998,90.09879
Michigan,1999,92.34171
Michigan,2000,95.9069
Michigan,2001,98.51667
Michigan,2002,100.3823
Michigan,2003,102.7344
Michigan,2016,88.2
Michigan,2017,89.7
Michigan,2019,89.8
Michigan,2020,90.6
Michigan,2021,91.3
Michigan,2022,92.2
Michigan,2023,90.6
Minnesota,1960,13.27266
Minnesota,1961,13.52937
Minnesota,1962,13.78229
Minnesota,1963,14.14572
Minnesota,1964,14.56553
Minnesota,1965,15.40886
Minnesota,1966,16.35441
Minnesota,1967,17.1755
Minnesota,1968,18.31198
Minnesota,1969,19.83474
Minnesota,1970,21.21436
Minnesota,1971,22.49128
Minnesota,1972,23.74638
Minnesota,1973,25.90658
Minnesota,1974,28.66942
Minnesota,1975,31.20413
Minnesota,1976,33.25131
Minnesota,1977,35.96087
Minnesota,1978,39.0528
Minnesota,1979,43.42758
Minnesota,1980,48.40365
Minnesota,1981,52.87347
Minnesota,1982,55.64725
Minnesota,1983,57.30841
Minnesota,1984,59.37772
Minnesota,1985,61.17658
Minnesota,1986,62.42044
Minnesota,1987,64.62644
Minnesota,1988,67.0761
Minnesota,1989,70.22923
Minnesota,1990,73.4416
Minnesota,1991,76.10107
Minnesota,1992,78.40316
Minnesota,1993,80.44842
Minnesota,1994,82.78186
Minnesota,1995,85.26306
Minnesota,1996,88.15018
Minnesota,1997,90.54529
Minnesota,1998,92.28276
Minnesota,1999,94.42464
Minnesota,2000,97.92922
Minnesota,2001,100.7033
Minnesota,2002,102.6534
Minnesota,2003,105.1179
Minnesota,2016,101.1
Minnesota,2017,99.7
Minnesota,2019,101.5
Minnesota,2020,100.7
Minnesota,2021,100.0
Minnesota,2022,97.5
Minnesota,2023,94.1
Missouri,1960,13.11752
Missouri,1961,13.31724
Missouri,1962,13.69518
Missouri,1963,13.60095
Missouri,1964,14.06932
Missouri,1965,14.85029
Missouri,1966,15.60686
Missouri,1967,16.4316
Missouri,1968,17.60272
Missouri,1969,18.90676
Missouri,1970,20.30654
Missouri,1971,21.54483
Missouri,1972,22.69067
Missouri,1973,24.46654
Missouri,1974,27.08142
Missouri,1975,29.62309
Missouri,1976,31.63
Missouri,1977,34.06686
Missouri,1978,36.91255
Missouri,1979,41.0695
Missouri,1980,45.80663
Missouri,1981,50.39855
Missouri,1982,53.20115
Missouri,1983,54.93408
Missouri,1984,56.88257
Missouri,1985,58.72882
Missouri,1986,59.96688
Missouri,1987,62.12944
Missouri,1988,64.69986
Missouri,1989,67.80327
Missouri,1990,70.97939
Missouri,1991,73.60403
Missouri,1992,75.74461
Missouri,1993,77.73821
Missouri,1994,79.80995
Missouri,1995,82.02332
Missouri,1996,84.52304
Missouri,1997,86.66441
Missouri,1998,88.09998
Missouri,1999,90.0308
Missouri,2000,93.21149
Missouri,2001,95.8074
Missouri,2002,97.54144
Missouri,2003,99.73473
Missouri,2016,90.8
Missouri,2017,89.9
Missouri,2019,88.5
Missouri,2020,89.1
Missouri,2021,89.8
Missouri,2022,89.1
Missouri,2023,88.5
Mississippi,1960,8.894691
Mississippi,1961,9.282069
Mississippi,1962,9.556503
Mississippi,1963,10.23991
Mississippi,1964,10.60575
Mississippi,1965,11.3317
Mississippi,1966,12.17792
Mississippi,1967,12.94224
Mississippi,1968,14.1122
Mississippi,1969,15.63844
Mississippi,1970,17.04392
Mississippi,1971,18.45832
Mississippi,1972,19.90705
Mississippi,1973,21.94574
Mississippi,1974,24.76572
Mississippi,1975,27.24311
Mississippi,1976,29.48811
Mississippi,1977,32.10086
Mississippi,1978,35.03631
Mississippi,1979,39.27824
Mississippi,1980,44.05807
Mississippi,1981,47.53679
Mississippi,1982,49.58668
Mississippi,1983,50.6715
Mississippi,1984,52.3821
Mississippi,1985,53.93744
Mississippi,1986,54.47852
Mississippi,1987,56.00133
Mississippi,1988,57.84192
Mississippi,1989,60.15364
Mississippi,1990,62.56736
Mississippi,1991,64.70326
Mississippi,1992,66.66974
Mississippi,1993,68.56992
Mississippi,1994,70.49123
Mississippi,1995,72.4595
Mississippi,1996,74.70774
Mississippi,1997,76.60727
Mississippi,1998,77.90704
Mississippi,1999,79.59338
Mississippi,2000,82.57829
Mississippi,2001,84.78991
Mississippi,2002,86.30305
Mississippi,2003,88.26593
Mississippi,2016,86.0
Mississippi,2017,85.1
Mississippi,2019,84.8
Mississippi,2020,84.5
Mississippi,2021,83.3
Mississippi,2022,85.0
Mississippi,2023,86.3
Montana,1960,13.21761
Montana,1961,13.02932
Montana,1962,13.99058
Montana,1963,14.09592
Montana,1964,14.31621
Montana,1965,15.00508
Montana,1966,15.83692
Montana,1967,16.54424
Montana,1968,17.41665
Montana,1969,18.79319
Montana,1970,20.13811
Montana,1971,21.12286
Montana,1972,22.48445
Montana,1973,24.37722
Montana,1974,26.73603
Montana,1975,29.03332
Montana,1976,30.51509
Montana,1977,33.15297
Montana,1978,36.30474
Montana,1979,40.03648
Montana,1980,44.75205
Montana,1981,48.64203
Montana,1982,50.92125
Montana,1983,52.2547
Montana,1984,53.79755
Montana,1985,55.22196
Montana,1986,56.14852
Montana,1987,57.86518
Montana,1988,59.83333
Montana,1989,62.60614
Montana,1990,65.61325
Montana,1991,68.1585
Montana,1992,70.01548
Montana,1993,71.97279
Montana,1994,73.61665
Montana,1995,75.57827
Montana,1996,77.41616
Montana,1997,78.94711
Montana,1998,81.12652
Montana,1999,83.61392
Montana,2000,87.13434
Montana,2001,90.02731
Montana,2002,92.34985
Montana,2003,95.10574
Montana,2016,100.8
Montana,2017,100.4
Montana,2019,106.3
Montana,2020,99.4
Montana,2021,100.7
Montana,2022,104.8
Montana,2023,102.9
Nebraska,1960,14.0523
Nebraska,1961,14.02006
Nebraska,1962,14.5572
Nebraska,1963,14.56815
Nebraska,1964,15.04348
Nebraska,1965,15.90731
Nebraska,1966,16.91042
Nebraska,1967,17.6904
Nebraska,1968,18.61277
Nebraska,1969,20.02594
Nebraska,1970,21.3262
Nebraska,1971,22.67999
Nebraska,1972,23.93576
Nebraska,1973,25.98576
Nebraska,1974,28.45447
Nebraska,1975,31.22998
Nebraska,1976,32.99432
Nebraska,1977,35.35584
Nebraska,1978,38.47124
Nebraska,1979,42.5122
Nebraska,1980,47.1803
Nebraska,1981,51.74432
Nebraska,1982,54.49039
Nebraska,1983,55.98989
Nebraska,1984,57.99176
Nebraska,1985,59.81212
Nebraska,1986,60.85365
Nebraska,1987,62.90678
Nebraska,1988,65.33748
Nebraska,1989,68.19798
Nebraska,1990,71.39616
Nebraska,1991,74.02392
Nebraska,1992,76.17347
Nebraska,1993,78.19881
Nebraska,1994,80.35866
Nebraska,1995,82.72011
Nebraska,1996,85.52056
Nebraska,1997,87.62185
Nebraska,1998,89.18704
Nebraska,1999,91.21951
Nebraska,2000,94.44621
Nebraska,2001,97.10663
Nebraska,2002,98.80452
Nebraska,2003,101.1306
Nebraska,2016,91.3
Nebraska,2017,92.9
Nebraska,2019,91.6
Nebraska,2020,93.0
Nebraska,2021,93.7
Nebraska,2022,91.9
Nebraska,2023,90.9
Nevada,1960,16.49293
Nevada,1961,16.70553
Nevada,1962,17.34439
Nevada,1963,17.40466
Nevada,1964,17.61061
Nevada,1965,17.99496
Nevada,1966,18.73983
Nevada,1967,19.44847
Nevada,1968,20.42931
Nevada,1969,21.8942
Nevada,1970,23.19609
Nevada,1971,24.28092
Nevada,1972,25.24244
Nevada,1973,26.91722
Nevada,1974,29.26393
Nevada,1975,31.636
Nevada,1976,33.24682
Nevada,1977,36.41531
Nevada,1978,39.7305
Nevada,1979,43.786
Nevada,1980,48.63585
Nevada,1981,52.54334
Nevada,1982,54.83486
Nevada,1983,56.26049
Nevada,1984,57.83773
Nevada,1985,59.43942
Nevada,1986,60.41519
Nevada,1987,62.19209
Nevada,1988,64.69777
Nevada,1989,67.5536
Nevada,1990,71.09737
Nevada,1991,73.42365
Nevada,1992,75.43102
Nevada,1993,77.26824
Nevada,1994,79.0927
Nevada,1995,81.12342
Nevada,1996,82.98525
Nevada,1997,84.38593
Nevada,1998,86.53175
Nevada,1999,89.11188
Nevada,2000,92.57048
Nevada,2001,95.55986
Nevada,2002,98.2552
Nevada,2003,101.419
Nevada,2016,104.5
Nevada,2017,104.7
Nevada,2019,108.4
Nevada,2020,108.8
Nevada,2021,106.3
Nevada,2022,103.2
Nevada,2023,101.0
New Hampshire,1960,15.63197
New Hampshire,1961,15.84459
New Hampshire,1962,16.25275
New Hampshire,1963,16.64387
New Hampshire,1964,16.96899
New Hampshire,1965,17.57282
New Hampshire,1966,18.54929
New Hampshire,1967,19.47454
New Hampshire,1968,20.59297
New Hampshire,1969,22.32922
New Hampshire,1970,23.59877
New Hampshire,1971,24.88437
New Hampshire,1972,26.26127
New Hampshire,1973,28.3693
New Hampshire,1974,31.26365
New Hampshire,1975,33.8667
New Hampshire,1976,36.03276
New Hampshire,1977,38.53086
New Hampshire,1978,41.63075
New Hampshire,1979,46.05975
New Hampshire,1980,51.55599
New Hampshire,1981,56.54506
New Hampshire,1982,59.80522
New Hampshire,1983,61.93426
New Hampshire,1984,64.84071
New Hampshire,1985,67.72047
New Hampshire,1986,70.41936
New Hampshire,1987,74.129
New Hampshire,1988,77.9044
New Hampshire,1989,82.06896
New Hampshire,1990,85.13825
New Hampshire,1991,87.40607
New Hampshire,1992,89.33173
New Hampshire,1993,91.14021
New Hampshire,1994,93.06111
New Hampshire,1995,95.18504
New Hampshire,1996,97.3816
New Hampshire,1997,98.97267
New Hampshire,1998,100.4741
New Hampshire,1999,102.4801
New Hampshire,2000,105.8718
New Hampshire,2001,108.6277
New Hampshire,2002,111.6387
New Hampshire,2003,115.1946
New Hampshire,2016,119.2
New Hampshire,2017,115.0
New Hampshire,2019,108.5
New Hampshire,2020,108.4
New Hampshire,2021,109.9
New Hampshire,2022,116.1
New Hampshire,2023,114.1
New Jersey,1960,14.87624
New Jersey,1961,15.15521
New Jersey,1962,15.373
New Jersey,1963,15.7067
New Jersey,1964,16.05543
New Jersey,1965,16.70082
New Jersey,1966,17.5672
New Jersey,1967,18.47057
New Jersey,1968,19.69237
New Jersey,1969,21.4594
New Jersey,1970,22.9356
New Jersey,1971,24.3221
New Jersey,1972,25.78292
New Jersey,1973,27.94886
New Jersey,1974,30.94946
New Jersey,1975,33.66359
New Jersey,1976,35.76917
New Jersey,1977,38.35
New Jersey,1978,41.45859
New Jersey,1979,45.90938
New Jersey,1980,51.47454
New Jersey,1981,56.59768
New Jersey,1982,59.90091
New Jersey,1983,62.06407
New Jersey,1984,65.12785
New Jersey,1985,68.12617
New Jersey,1986,71.1883
New Jersey,1987,75.32101
New Jersey,1988,79.58812
New Jersey,1989,84.24755
New Jersey,1990,87.60531
New Jersey,1991,89.47422
New Jersey,1992,91.51155
New Jersey,1993,93.31247
New Jersey,1994,95.14138
New Jersey,1995,97.32899
New Jersey,1996,99.35074
New Jersey,1997,100.9483
New Jersey,1998,102.678
New Jersey,1999,104.8835
New Jersey,2000,108.664
New Jersey,2001,111.6523
New Jersey,2002,115.2291
New Jersey,2003,119.3493
New Jersey,2016,121.0
New Jersey,2017,121.9
New Jersey,2019,123.7
New Jersey,2020,116.8
New Jersey,2021,115.2
New Jersey,2022,112.4
New Jersey,2023,113.9
New Mexico,1960,12.23388
New Mexico,1961,12.24742
New Mexico,1962,12.62228
New Mexico,1963,13.08498
New Mexico,1964,13.3975
New Mexico,1965,14.01917
New Mexico,1966,14.78436
New Mexico,1967,15.40829
New Mexico,1968,16.42332
New Mexico,1969,17.5949
New Mexico,1970,18.90096
New Mexico,1971,20.01465
New Mexico,1972,21.11689
New Mexico,1973,22.73894
New Mexico,1974,25.24076
New Mexico,1975,27.65289
New Mexico,1976,29.24698
New Mexico,1977,32.01629
New Mexico,1978,34.99321
New Mexico,1979,38.89658
New Mexico,1980,43.58219
New Mexico,1981,47.62012
New Mexico,1982,50.10278
New Mexico,1983,51.59116
New Mexico,1984,53.23407
New Mexico,1985,54.89584
New Mexico,1986,55.73502
New Mexico,1987,57.47731
New Mexico,1988,59.83541
New Mexico,1989,62.66928
New Mexico,1990,66.24697
New Mexico,1991,68.68935
New Mexico,1992,70.54783
New Mexico,1993,72.41
New Mexico,1994,74.18935
New Mexico,1995,76.20003
New Mexico,1996,77.99538
New Mexico,1997,79.46609
New Mexico,1998,81.43351
New Mexico,1999,83.77399
New Mexico,2000,87.10477
New Mexico,2001,90.2474
New Mexico,2002,92.69444
New Mexico,2003,95.47774
New Mexico,2016,95.7
New Mexico,2017,94.9
New Mexico,2019,88.2
New Mexico,2020,89.3
New Mexico,2021,91.0
New Mexico,2022,94.0
New Mexico,2023,94.0
New York,1960,13.8962
New York,1961,14.06168
New York,1962,14.31204
New York,1963,14.48815
New York,1964,14.9517
New York,1965,15.54168
New York,1966,16.43172
New York,1967,17.49978
New York,1968,18.72384
New York,1969,20.36844
New York,1970,21.81196
New York,1971,23.07852
New York,1972,24.33478
New York,1973,26.24679
New York,1974,29.10976
New York,1975,31.72499
New York,1976,33.64608
New York,1977,36.03735
New York,1978,38.92073
New York,1979,43.13788
New York,1980,48.47923
New York,1981,53.51993
New York,1982,56.8023
New York,1983,58.84175
New York,1984,61.79589
New York,1985,64.62957
New York,1986,67.39928
New York,1987,71.17506
New York,1988,75.13605
New York,1989,79.53552
New York,1990,82.90612
New York,1991,84.30781
New York,1992,86.20617
New York,1993,87.96314
New York,1994,89.87787
New York,1995,92.16331
New York,1996,93.97674
New York,1997,95.37549
New York,1998,97.53195
New York,1999,100.2423
New York,2000,104.6968
New York,2001,107.5933
New York,2002,110.8305
New York,2003,114.6201
New York,2016,135.2
New York,2017,132.5
New York,2019,137.3
New York,2020,146.6
New York,2021,148.2
New York,2022,134.5
New York,2023,125.9
North Carolina,1960,9.632253
North Carolina,1961,9.982868
North Carolina,1962,10.44855
North Carolina,1963,10.75392
North Carolina,1964,11.25532
North Carolina,1965,11.87033
North Carolina,1966,12.77393
North Carolina,1967,13.51613
North Carolina,1968,14.67112
North Carolina,1969,16.16217
North Carolina,1970,17.47108
North Carolina,1971,18.60072
North Carolina,1972,19.81334
North Carolina,1973,21.57887
North Carolina,1974,24.08032
North Carolina,1975,26.28106
North Carolina,1976,28.17147
North Carolina,1977,30.28469
North Carolina,1978,32.90299
North Carolina,1979,36.55129
North Carolina,1980,41.04447
North Carolina,1981,45.22016
North Carolina,1982,47.93813
North Carolina,1983,49.84342
North Carolina,1984,51.81937
North Carolina,1985,53.62054
North Carolina,1986,54.95506
North Carolina,1987,57.11032
North Carolina,1988,59.49024
North Carolina,1989,62.2625
North Carolina,1990,65.22899
North Carolina,1991,67.22916
North Carolina,1992,69.34865
North Carolina,1993,71.32326
North Carolina,1994,73.29477
North Carolina,1995,75.47084
North Carolina,1996,77.96804
North Carolina,1997,80.15237
North Carolina,1998,81.59527
North Carolina,1999,83.47307
North Carolina,2000,86.94112
North Carolina,2001,89.12923
North Carolina,2002,90.80193
North Carolina,2003,92.88949
North Carolina,2016,94.2
North Carolina,2017,94.6
North Carolina,2019,95.0
North Carolina,2020,96.1
North Carolina,2021,95.7
North Carolina,2022,95.7
North Carolina,2023,95.3
North Dakota,1960,13.95862
North Dakota,1961,13.41003
North Dakota,1962,15.36181
North Dakota,1963,14.88576
North Dakota,1964,15.05454
North Dakota,1965,16.16729
North Dakota,1966,16.82044
North Dakota,1967,17.63453
North Dakota,1968,18.81761
North Dakota,1969,20.28074
North Dakota,1970,21.53714
North Dakota,1971,23.21197
North Dakota,1972,24.93752
North Dakota,1973,28.07931
North Dakota,1974,30.34589
North Dakota,1975,32.69392
North Dakota,1976,34.12328
North Dakota,1977,36.33735
North Dakota,1978,40.02515
North Dakota,1979,43.89497
North Dakota,1980,48.06467
North Dakota,1981,53.18005
North Dakota,1982,55.83959
North Dakota,1983,57.29382
North Dakota,1984,59.12913
North Dakota,1985,60.8686
North Dakota,1986,61.77195
North Dakota,1987,63.725
North Dakota,1988,65.33315
North Dakota,1989,68.509
North Dakota,1990,71.82707
North Dakota,1991,74.30449
North Dakota,1992,76.55523
North Dakota,1993,78.37005
North Dakota,1994,80.49918
North Dakota,1995,82.42464
North Dakota,1996,85.19054
North Dakota,1997,86.87063
North Dakota,1998,88.53181
North Dakota,1999,90.31944
North Dakota,2000,93.52087
North Dakota,2001,96.05373
North Dakota,2002,97.78807
North Dakota,2003,100.1958
North Dakota,2016,98.9
North Dakota,2017,99.7
North Dakota,2019,97.8
North Dakota,2020,96.5
North Dakota,2021,98.2
North Dakota,2022,97.1
North Dakota,2023,94.6
Ohio,1960,12.76657
Ohio,1961,12.74858
Ohio,1962,12.99379
Ohio,1963,13.22771
Ohio,1964,13.74615
Ohio,1965,14.5064
Ohio,1966,15.37078
Ohio,1967,16.12245
Ohio,1968,17.34042
Ohio,1969,18.81081
Ohio,1970,20.04002
Ohio,1971,21.26638
Ohio,1972,22.47204
Ohio,1973,24.29565
Ohio,1974,27.10882
Ohio,1975,29.56694
Ohio,1976,31.6825
Ohio,1977,34.21746
Ohio,1978,37.12891
Ohio,1979,41.3612
Ohio,1980,46.23298
Ohio,1981,50.60351
Ohio,1982,53.27756
Ohio,1983,54.964
Ohio,1984,56.9195
Ohio,1985,58.75368
Ohio,1986,59.92597
Ohio,1987,62.02682
Ohio,1988,64.58644
Ohio,1989,67.63284
Ohio,1990,70.8412
Ohio,1991,73.43648
Ohio,1992,75.64265
Ohio,1993,77.73558
Ohio,1994,79.93932
Ohio,1995,82.28161
Ohio,1996,84.89645
Ohio,1997,87.2282
Ohio,1998,88.79205
Ohio,1999,90.83671
Ohio,2000,94.14883
Ohio,2001,96.77855
Ohio,2002,98.61039
Ohio,2003,100.9046
Ohio,2016,93.0
Ohio,2017,92.3
Ohio,2019,92.8
Ohio,2020,92.2
Ohio,2021,91.3
Ohio,2022,91.9
Ohio,2023,94.7
Oklahoma,1960,11.29208
Oklahoma,1961,11.42654
Oklahoma,1962,11.63208
Oklahoma,1963,11.97144
Oklahoma,1964,12.43847
Oklahoma,1965,13.17268
Oklahoma,1966,13.88285
Oklahoma,1967,14.60095
Oklahoma,1968,15.69648
Oklahoma,1969,17.06687
Oklahoma,1970,18.41021
Oklahoma,1971,19.54531
Oklahoma,1972,20.62193
Oklahoma,1973,22.42619
Oklahoma,1974,25.01245
Oklahoma,1975,27.41257
Oklahoma,1976,29.21548
Oklahoma,1977,31.43448
Oklahoma,1978,34.06955
Oklahoma,1979,37.95277
Oklahoma,1980,42.57583
Oklahoma,1981,46.64671
Oklahoma,1982,49.19705
Oklahoma,1983,50.39312
Oklahoma,1984,52.11657
Oklahoma,1985,53.75513
Oklahoma,1986,54.53289
Oklahoma,1987,56.21054
Oklahoma,1988,58.32434
Oklahoma,1989,60.93521
Oklahoma,1990,63.77731
Oklahoma,1991,65.78678
Oklahoma,1992,67.65444
Oklahoma,1993,69.39864
Oklahoma,1994,71.11378
Oklahoma,1995,73.00046
Oklahoma,1996,75.19024
Oklahoma,1997,77.03623
Oklahoma,1998,78.30199
Oklahoma,1999,80.01321
Oklahoma,2000,83.09348
Oklahoma,2001,85.28488
Oklahoma,2002,86.75026
Oklahoma,2003,88.64304
Oklahoma,2016,88.6
Oklahoma,2017,89.2
Oklahoma,2019,86.5
Oklahoma,2020,87.2
Oklahoma,2021,87.9
Oklahoma,2022,85.8
Oklahoma,2023,86.2
Oregon,1960,12.63033
Oregon,1961,12.75427
Oregon,1962,13.33401
Oregon,1963,13.56994
Oregon,1964,14.06977
Oregon,1965,14.64096
Oregon,1966,15.3502
Oregon,1967,16.07107
Oregon,1968,17.03307
Oregon,1969,18.29218
Oregon,1970,19.47166
Oregon,1971,20.62305
Oregon,1972,21.76165
Oregon,1973,23.49457
Oregon,1974,26.1133
Oregon,1975,28.47585
Oregon,1976,30.18892
Oregon,1977,33.18697
Oregon,1978,36.32939
Oregon,1979,40.38322
Oregon,1980,45.13219
Oregon,1981,48.73777
Oregon,1982,50.95504
Oregon,1983,52.44977
Oregon,1984,54.13682
Oregon,1985,55.73951
Oregon,1986,56.63716
Oregon,1987,58.36575
Oregon,1988,60.54954
Oregon,1989,63.17572
Oregon,1990,66.16486
Oregon,1991,68.89769
Oregon,1992,71.04298
Oregon,1993,73.20745
Oregon,1994,75.40636
Oregon,1995,77.84261
Oregon,1996,79.77953
Oregon,1997,81.35511
Oregon,1998,84.46533
Oregon,1999,88.06895
Oregon,2000,92.66655
Oregon,2001,95.87778
Oregon,2002,98.74202
Oregon,2003,102.0394
Oregon,2016,115.4
Oregon,2017,129.3
Oregon,2019,134.0
Oregon,2020,133.7
Oregon,2021,130.1
Oregon,2022,121.2
Oregon,2023,114.7
Pennsylvania,1960,12.6424
Pennsylvania,1961,12.77504
Pennsylvania,1962,13.04819
Pennsylvania,1963,13.30218
Pennsylvania,1964,13.80398
Pennsylvania,1965,14.42319
Pennsylvania,1966,15.33764
Pennsylvania,1967,16.20575
Pennsylvania,1968,17.32929
Pennsylvania,1969,18.90771
Pennsylvania,1970,20.3263
Pennsylvania,1971,21.58069
Pennsylvania,1972,22.96901
Pennsylvania,1973,25.02367
Pennsylvania,1974,27.99387
Pennsylvania,1975,30.67071
Pennsylvania,1976,32.74374
Pennsylvania,1977,35.20931
Pennsylvania,1978,38.1566
Pennsylvania,1979,42.43449
Pennsylvania,1980,47.71519
Pennsylvania,1981,52.27441
Pennsylvania,1982,55.21825
Pennsylvania,1983,56.9275
Pennsylvania,1984,59.20506
Pennsylvania,1985,61.49226
Pennsylvania,1986,63.09794
Pennsylvania,1987,65.73419
Pennsylvania,1988,68.64245
Pennsylvania,1989,72.1162
Pennsylvania,1990,75.36678
Pennsylvania,1991,76.20782
Pennsylvania,1992,78.14235
Pennsylvania,1993,79.94943
Pennsylvania,1994,82.00501
Pennsylvania,1995,84.33682
Pennsylvania,1996,85.89845
Pennsylvania,1997,87.04221
Pennsylvania,1998,89.76933
Pennsylvania,1999,93.02466
Pennsylvania,2000,98.453
Pennsylvania,2001,101.0967
Pennsylvania,2002,103.7009
Pennsylvania,2003,106.7792
Pennsylvania,2016,102.8
Pennsylvania,2017,102.0
Pennsylvania,2019,102.4
Pennsylvania,2020,104.0
Pennsylvania,2021,102.5
Pennsylvania,2022,98.2
Pennsylvania,2023,95.6
Rhode Island,1960,15.72171
Rhode Island,1961,15.97167
Rhode Island,1962,16.32249
Rhode Island,1963,16.73586
Rhode Island,1964,17.23654
Rhode Island,1965,17.86978
Rhode Island,1966,18.82099
Rhode Island,1967,19.83314
Rhode Island,1968,20.9716
Rhode Island,1969,22.3967
Rhode Island,1970,23.8133
Rhode Island,1971,25.04197
Rhode Island,1972,26.38489
Rhode Island,1973,28.33935
Rhode Island,1974,31.28288
Rhode Island,1975,33.99618
Rhode Island,1976,36.05655
Rhode Island,1977,38.50179
Rhode Island,1978,41.4347
Rhode Island,1979,45.7905
Rhode Island,1980,51.29285
Rhode Island,1981,56.30218
Rhode Island,1982,59.51924
Rhode Island,1983,61.6172
Rhode Island,1984,64.53791
Rhode Island,1985,67.38065
Rhode Island,1986,70.14874
Rhode Island,1987,73.91098
Rhode Island,1988,77.92036
Rhode Island,1989,82.38319
Rhode Island,1990,85.58413
Rhode Island,1991,87.93932
Rhode Island,1992,89.89159
Rhode Island,1993,91.80987
Rhode Island,1994,93.5321
Rhode Island,1995,95.63731
Rhode Island,1996,97.79237
Rhode Island,1997,99.59721
Rhode Island,1998,100.785
Rhode Island,1999,102.4927
Rhode Island,2000,105.3013
Rhode Island,2001,108.1662
Rhode Island,2002,111.2775
Rhode Island,2003,114.9028
Rhode Island,2016,122.1
Rhode Island,2017,123.6
Rhode Island,2019,118.7
Rhode Island,2020,119.6
Rhode Island,2021,117.2
Rhode Island,2022,112.9
Rhode Island,2023,110.7
South Carolina,1960,9.647667
South Carolina,1961,10.00665
South Carolina,1962,10.51704
South Carolina,1963,10.80963
South Carolina,1964,11.35799
South Carolina,1965,12.08031
South Carolina,1966,12.98769
South Carolina,1967,13.71438
South Carolina,1968,14.85471
South Carolina,1969,16.54584
South Carolina,1970,17.90261
South Carolina,1971,19.01937
South Carolina,1972,20.16734
South Carolina,1973,21.91088
South Carolina,1974,24.48895
South Carolina,1975,26.65402
South Carolina,1976,28.55652
South Carolina,1977,30.62996
South Carolina,1978,33.20398
South Carolina,1979,36.88429
South Carolina,1980,41.36609
South Carolina,1981,45.46
South Carolina,1982,48.09733
South Carolina,1983,49.93614
South Carolina,1984,51.86123
South Carolina,1985,53.62378
South Carolina,1986,54.84127
South Carolina,1987,56.94228
South Carolina,1988,59.27137
South Carolina,1989,61.98331
South Carolina,1990,65.03068
South Carolina,1991,67.01681
South Carolina,1992,68.94917
South Carolina,1993,70.8329
South Carolina,1994,72.74793
South Carolina,1995,74.82726
South Carolina,1996,77.19817
South Carolina,1997,79.2065
South Carolina,1998,80.58971
South Carolina,1999,82.42762
South Carolina,2000,85.66759
South Carolina,2001,87.86379
South Carolina,2002,89.48355
South Carolina,2003,91.52467
South Carolina,2016,100.5
South Carolina,2017,99.5
South Carolina,2019,96.5
South Carolina,2020,95.9
South Carolina,2021,93.6
South Carolina,2022,94.3
South Carolina,2023,95.3
South Dakota,1960,14.04997
South Dakota,1961,14.02892
South Dakota,1962,14.64961
South Dakota,1963,14.38587
South Dakota,1964,14.5309
South Dakota,1965,15.74639
South Dakota,1966,16.70715
South Dakota,1967,17.61885
South Dakota,1968,18.75236
South Dakota,1969,19.90447
South Dakota,1970,21.328
South Dakota,1971,22.68058
South Dakota,1972,24.17144
South Dakota,1973,26.69632
South Dakota,1974,28.98682
South Dakota,1975,31.59723
South Dakota,1976,33.03071
South Dakota,1977,35.65058
South Dakota,1978,38.7431
South Dakota,1979,42.91689
South Dakota,1980,47.28628
South Dakota,1981,51.83831
South Dakota,1982,54.47157
South Dakota,1983,55.93681
South Dakota,1984,58.03678
South Dakota,1985,59.69831
South Dakota,1986,60.74732
South Dakota,1987,62.76653
South Dakota,1988,64.98315
South Dakota,1989,67.88186
South Dakota,1990,71.17712
South Dakota,1991,73.81503
South Dakota,1992,76.0206
South Dakota,1993,78.0508
South Dakota,1994,80.22127
South Dakota,1995,82.32857
South Dakota,1996,85.18073
South Dakota,1997,87.23339
South Dakota,1998,88.81458
South Dakota,1999,90.84589
South Dakota,2000,94.05199
South Dakota,2001,96.68951
South Dakota,2002,98.26002
South Dakota,2003,100.6818
South Dakota,2016,102.8
South Dakota,2017,99.5
South Dakota,2019,100.7
South Dakota,2020,99.8
South Dakota,2021,101.0
South Dakota,2022,94.5
South Dakota,2023,92.4
Texas,1960,9.976501
Texas,1961,10.15252
Texas,1962,10.35803
Texas,1963,10.66893
Texas,1964,11.08048
Texas,1965,11.63957
Texas,1966,12.42052
Texas,1967,13.24319
Texas,1968,14.39331
Texas,1969,15.72178
Texas,1970,17.04302
Texas,1971,18.13859
Texas,1972,19.25579
Texas,1973,21.03026
Texas,1974,23.67769
Texas,1975,26.11765
Texas,1976,28.02584
Texas,1977,30.24444
Texas,1978,32.97324
Texas,1979,36.79992
Texas,1980,41.38582
Texas,1981,45.54574
Texas,1982,48.08516
Texas,1983,49.58646
Texas,1984,51.35365
Texas,1985,53.05763
Texas,1986,53.90935
Texas,1987,55.72445
Texas,1988,57.91914
Texas,1989,60.55675
Texas,1990,63.5248
Texas,1991,65.55537
Texas,1992,67.44598
Texas,1993,69.20903
Texas,1994,70.93183
Texas,1995,72.87972
Texas,1996,75.09551
Texas,1997,77.04005
Texas,1998,78.36498
Texas,1999,80.09568
Texas,2000,83.1519
Texas,2001,85.26652
Texas,2002,86.71496
Texas,2003,88.59041
Texas,2016,90.7
Texas,2017,91.2
Texas,2019,91.9
Texas,2020,92.0
Texas,2021,92.1
Texas,2022,92.5
Texas,2023,92.7
Tennessee,1960,9.870867
Tennessee,1961,10.23595
Tennessee,1962,10.58494
Tennessee,1963,10.9259
Tennessee,1964,11.39013
Tennessee,1965,12.07589
Tennessee,1966,12.92133
Tennessee,1967,13.65313
Tennessee,1968,14.8026
Tennessee,1969,16.26681
Tennessee,1970,17.57261
Tennessee,1971,18.77135
Tennessee,1972,19.95295
Tennessee,1973,21.75998
Tennessee,1974,24.2888
Tennessee,1975,26.52213
Tennessee,1976,28.41842
Tennessee,1977,30.57928
Tennessee,1978,33.24342
Tennessee,1979,36.90191
Tennessee,1980,41.3297
Tennessee,1981,45.35831
Tennessee,1982,47.99565
Tennessee,1983,49.69875
Tennessee,1984,51.61255
Tennessee,1985,53.37795
Tennessee,1986,54.61059
Tennessee,1987,56.69002
Tennessee,1988,58.9593
Tennessee,1989,61.62793
Tennessee,1990,64.55735
Tennessee,1991,66.62524
Tennessee,1992,68.71954
Tennessee,1993,70.62793
Tennessee,1994,72.55641
Tennessee,1995,74.66792
Tennessee,1996,76.96513
Tennessee,1997,78.94827
Tennessee,1998,80.35619
Tennessee,1999,82.19026
Tennessee,2000,85.40849
Tennessee,2001,87.62571
Tennessee,2002,89.28098
Tennessee,2003,91.34164
Tennessee,2016,89.8
Tennessee,2017,89.8
Tennessee,2019,88.6
Tennessee,2020,89.7
Tennessee,2021,89.0
Tennessee,2022,90.2
Tennessee,2023,90.3
Utah,1960,12.82221
Utah,1961,13.00561
Utah,1962,13.47703
Utah,1963,13.80123
Utah,1964,14.20949
Utah,1965,14.69327
Utah,1966,15.39993
Utah,1967,16.05997
Utah,1968,17.01845
Utah,1969,18.31097
Utah,1970,19.61839
Utah,1971,20.79721
Utah,1972,21.88206
Utah,1973,23.4813
Utah,1974,25.99458
Utah,1975,28.37126
Utah,1976,30.0565
Utah,1977,33.07365
Utah,1978,36.15575
Utah,1979,40.17143
Utah,1980,44.90864
Utah,1981,48.67885
Utah,1982,51.05718
Utah,1983,52.48074
Utah,1984,54.15132
Utah,1985,55.7547
Utah,1986,56.5842
Utah,1987,58.20308
Utah,1988,60.25356
Utah,1989,62.84941
Utah,1990,65.9571
Utah,1991,68.672
Utah,1992,70.76478
Utah,1993,72.85358
Utah,1994,74.96592
Utah,1995,77.29932
Utah,1996,79.25676
Utah,1997,80.86158
Utah,1998,83.81444
Utah,1999,87.18442
Utah,2000,91.59074
Utah,2001,94.77548
Utah,2002,97.56123
Utah,2003,100.75
Utah,2016,92.8
Utah,2017,95.7
Utah,2019,97.4
Utah,2020,97.9
Utah,2021,99.0
Utah,2022,102.8
Utah,2023,103.2
Vermont,1960,15.53492
Vermont,1961,15.8026
Vermont,1962,16.29443
Vermont,1963,16.35279
Vermont,1964,16.83708
Vermont,1965,17.64004
Vermont,1966,18.72182
Vermont,1967,19.62365
Vermont,1968,20.80731
Vermont,1969,22.35262
Vermont,1970,23.79698
Vermont,1971,25.07981
Vermont,1972,26.40546
Vermont,1973,28.3819
Vermont,1974,31.18322
Vermont,1975,33.77852
Vermont,1976,35.86665
Vermont,1977,38.17565
Vermont,1978,41.25507
Vermont,1979,45.54445
Vermont,1980,50.84975
Vermont,1981,55.65236
Vermont,1982,58.68302
Vermont,1983,60.55526
Vermont,1984,63.12049
Vermont,1985,65.68243
Vermont,1986,67.81167
Vermont,1987,70.98192
Vermont,1988,74.29312
Vermont,1989,78.17091
Vermont,1990,81.31448
Vermont,1991,82.7058
Vermont,1992,84.72189
Vermont,1993,86.53731
Vermont,1994,88.50057
Vermont,1995,90.70695
Vermont,1996,92.51859
Vermont,1997,93.92117
Vermont,1998,96.09492
Vermont,1999,98.80781
Vermont,2000,103.1966
Vermont,2001,106.0467
Vermont,2002,108.8593
Vermont,2003,112.1694
Vermont,2016,122.4
Vermont,2017,120.7
Vermont,2019,114.3
Vermont,2020,116.4
Vermont,2021,117.0
Vermont,2022,115.9
Vermont,2023,115.3
Virginia,1960,11.03734
Virginia,1961,11.24141
Virginia,1962,11.6152
Virginia,1963,12.00945
Virginia,1964,12.60673
Virginia,1965,13.23601
Virginia,1966,13.98122
Virginia,1967,14.80488
Virginia,1968,15.96609
Virginia,1969,17.56726
Virginia,1970,18.87137
Virginia,1971,20.10531
Virginia,1972,21.30392
Virginia,1973,23.08277
Virginia,1974,25.74896
Virginia,1975,28.11609
Virginia,1976,30.03729
Virginia,1977,32.342
Virginia,1978,35.05935
Virginia,1979,38.93096
Virginia,1980,43.67865
Virginia,1981,48.01671
Virginia,1982,50.97842
Virginia,1983,52.99097
Virginia,1984,54.90021
Virginia,1985,56.72123
Virginia,1986,58.22548
Virginia,1987,60.54227
Virginia,1988,63.01745
Virginia,1989,65.90314
Virginia,1990,68.97375
Virginia,1991,70.97596
Virginia,1992,72.91058
Virginia,1993,74.78731
Virginia,1994,76.6675
Virginia,1995,78.71999
Virginia,1996,81.08004
Virginia,1997,83.14884
Virginia,1998,84.5574
Virginia,1999,86.47073
Virginia,2000,89.78439
Virginia,2001,92.17111
Virginia,2002,93.98562
Virginia,2003,96.24777
Virginia,2016,100.2
Virginia,2017,102.2
Virginia,2019,101.4
Virginia,2020,101.5
Virginia,2021,101.8
Virginia,2022,102.8
Virginia,2023,101.9
Washington,1960,12.39434
Washington,1961,12.6803
Washington,1962,13.17815
Washington,1963,13.57424
Washington,1964,14.04639
Washington,1965,14.69987
Washington,1966,15.72686
Washington,1967,16.33604
Washington,1968,17.33095
Washington,1969,18.66691
Washington,1970,19.61808
Washington,1971,20.64232
Washington,1972,21.72645
Washington,1973,23.5275
Washington,1974,26.13709
Washington,1975,28.61593
Washington,1976,30.23566
Washington,1977,33.22408
Washington,1978,36.42714
Washington,1979,40.52669
Washington,1980,45.32195
Washington,1981,49.37782
Washington,1982,51.84005
Washington,1983,53.41927
Washington,1984,54.99363
Washington,1985,56.5578
Washington,1986,57.64032
Washington,1987,59.48543
Washington,1988,62.04393
Washington,1989,65.13375
Washington,1990,69.04877
Washington,1991,71.76544
Washington,1992,73.89939
Washington,1993,75.90094
Washington,1994,77.93294
Washington,1995,80.16086
Washington,1996,82.13577
Washington,1997,83.74665
Washington,1998,86.75642
Washington,1999,90.22379
Washington,2000,94.54564
Washington,2001,97.91508
Washington,2002,100.9974
Washington,2003,104.5157
Washington,2016,107.1
Washington,2017,107.1
Washington,2019,110.1
Washington,2020,113.0
Washington,2021,111.6
Washington,2022,114.2
Washington,2023,116.0
West Virginia,1960,11.01782
West Virginia,1961,11.29797
West Virginia,1962,11.63335
West Virginia,1963,11.71403
West Virginia,1964,12.2017
West Virginia,1965,12.84194
West Virginia,1966,13.59144
West Virginia,1967,14.33901
West Virginia,1968,15.28187
West Virginia,1969,16.76882
West Virginia,1970,18.27081
West Virginia,1971,19.50687
West Virginia,1972,20.64938
West Virginia,1973,22.32617
West Virginia,1974,24.97909
West Virginia,1975,27.48331
West Virginia,1976,29.36779
West Virginia,1977,31.63569
West Virginia,1978,34.262
West Virginia,1979,38.02149
West Virginia,1980,42.55916
West Virginia,1981,46.27811
West Virginia,1982,48.75729
West Virginia,1983,50.09387
West Virginia,1984,51.82312
West Virginia,1985,53.45807
West Virginia,1986,54.45226
West Virginia,1987,56.24377
West Virginia,1988,58.32239
West Virginia,1989,60.90605
West Virginia,1990,63.80531
West Virginia,1991,65.91893
West Virginia,1992,67.90863
West Virginia,1993,69.68642
West Virginia,1994,71.47422
West Virginia,1995,73.41651
West Virginia,1996,75.621
West Virginia,1997,77.49686
West Virginia,1998,78.78846
West Virginia,1999,80.47222
West Virginia,2000,83.49164
West Virginia,2001,85.75565
West Virginia,2002,87.30627
West Virginia,2003,89.20099
West Virginia,2016,95.7
West Virginia,2017,95.9
West Virginia,2019,90.9
West Virginia,2020,92.7
West Virginia,2021,90.5
West Virginia,2022,90.0
West Virginia,2023,87.7
Wisconsin,1960,13.29494
Wisconsin,1961,13.42052
Wisconsin,1962,13.77857
Wisconsin,1963,13.91546
Wisconsin,1964,14.54673
Wisconsin,1965,15.32702
Wisconsin,1966,16.24582
Wisconsin,1967,17.06859
Wisconsin,1968,18.12793
Wisconsin,1969,19.55215
Wisconsin,1970,20.88123
Wisconsin,1971,22.18008
Wisconsin,1972,23.40882
Wisconsin,1973,25.26695
Wisconsin,1974,28.09988
Wisconsin,1975,30.67434
Wisconsin,1976,32.77668
Wisconsin,1977,35.36227
Wisconsin,1978,38.37994
Wisconsin,1979,42.72404
Wisconsin,1980,47.64751
Wisconsin,1981,51.90891
Wisconsin,1982,54.56914
Wisconsin,1983,56.11691
Wisconsin,1984,58.00764
Wisconsin,1985,59.7763
Wisconsin,1986,60.91142
Wisconsin,1987,62.98694
Wisconsin,1988,65.37631
Wisconsin,1989,68.37251
Wisconsin,1990,71.46225
Wisconsin,1991,74.17304
Wisconsin,1992,76.50403
Wisconsin,1993,78.69106
Wisconsin,1994,80.9965
Wisconsin,1995,83.44221
Wisconsin,1996,86.24983
Wisconsin,1997,88.69904
Wisconsin,1998,90.41611
Wisconsin,1999,92.57044
Wisconsin,2000,96.05186
Wisconsin,2001,98.79778
Wisconsin,2002,100.7044
Wisconsin,2003,103.0686
Wisconsin,2016,96.9
Wisconsin,2017,96.2
Wisconsin,2019,96.4
Wisconsin,2020,96.1
Wisconsin,2021,96.4
Wisconsin,2022,95.5
Wisconsin,2023,95.1
Wyoming,1960,14.92204
Wyoming,1961,14.68446
Wyoming,1962,15.44904
Wyoming,1963,15.40569
Wyoming,1964,15.68313
Wyoming,1965,16.27406
Wyoming,1966,17.07976
Wyoming,1967,17.94114
Wyoming,1968,18.79103
Wyoming,1969,20.26228
Wyoming,1970,21.56453
Wyoming,1971,22.84331
Wyoming,1972,24.01381
Wyoming,1973,25.95693
Wyoming,1974,28.69942
Wyoming,1975,31.09281
Wyoming,1976,32.58302
Wyoming,1977,35.84174
Wyoming,1978,39.17176
Wyoming,1979,43.3435
Wyoming,1980,48.2548
Wyoming,1981,51.86293
Wyoming,1982,54.06369
Wyoming,1983,54.88656
Wyoming,1984,56.47541
Wyoming,1985,58.11485
Wyoming,1986,58.64066
Wyoming,1987,60.16535
Wyoming,1988,62.15263
Wyoming,1989,64.79705
Wyoming,1990,67.72912
Wyoming,1991,70.10784
Wyoming,1992,71.92758
Wyoming,1993,73.7317
Wyoming,1994,75.43054
Wyoming,1995,77.33313
Wyoming,1996,79.1758
Wyoming,1997,80.8363
Wyoming,1998,82.79632
Wyoming,1999,85.32442
Wyoming,2000,88.68198
Wyoming,2001,91.61721
Wyoming,2002,93.86558
Wyoming,2003,96.63952
Wyoming,2016,91.7
Wyoming,2017,95.6
Wyoming,2019,101.7
Wyoming,2020,94.3
Wyoming,2021,94.3
Wyoming,2022,92.5
Wyoming,2023,92.4
Puerto Rico,2019,99.6
Puerto Rico,2020,99.8
